{"name":"e00eb399-714e-4e7c-8e0e-04b3423649f2","id":"/providers/Microsoft.Flow/flows/e00eb399-714e-4e7c-8e0e-04b3423649f2","type":"Microsoft.Flow/flows","properties":{"apiId":"/providers/Microsoft.PowerApps/apis/shared_logicflows","displayName":"SiteTemplateContoso","definition":{"metadata":{"workflowEntityId":null,"processAdvisorMetadata":null,"flowclientsuspensionreason":"None","flowclientsuspensiontime":null,"creator":{"id":"5ea35509-818d-48d7-823b-eb7221c0e316","type":"User","tenantId":"95ee1829-6f21-48b0-9056-92570748e55e"},"provisioningMethod":"FromDefinition","failureAlertSubscription":true,"clientLastModifiedTime":"2021-10-31T14:32:35.0467448Z"},"$schema":"https://schema.management.azure.com/providers/Microsoft.Logic/schemas/2016-06-01/workflowdefinition.json#","contentVersion":"1.0.0.0","parameters":{"$connections":{"defaultValue":{},"type":"Object"},"$authentication":{"defaultValue":{},"type":"SecureObject"}},"triggers":{"manual":{"type":"Request","kind":"Http","inputs":{"schema":{"type":"object","properties":{"webUrl":{"type":"string"},"parameters":{"type":"object","properties":{"event":{"type":"string"},"product":{"type":"string"}}},"webDescription":{"type":"string"},"creatorName":{"type":"string"},"creatorEmail":{"type":"string"},"createdTimeUTC":{"type":"string"}}}}}},"actions":{"Pages_Provisioning":{"actions":{"Get_Homepage":{"runAfter":{},"type":"OpenApiConnection","inputs":{"host":{"apiId":"/providers/Microsoft.PowerApps/apis/shared_sharepointonline","connectionName":"shared_sharepointonline","operationId":"HttpRequest"},"parameters":{"dataset":"@triggerBody()?['webUrl']","parameters/method":"GET","parameters/uri":"_api/sitepages/pages/GetByUrl('SitePages/Home.aspx')"},"authentication":"@parameters('$authentication')"}},"Create_About_Us_Page":{"runAfter":{"Get_Homepage":["Succeeded"]},"type":"OpenApiConnection","inputs":{"host":{"apiId":"/providers/Microsoft.PowerApps/apis/shared_sharepointonline","connectionName":"shared_sharepointonline","operationId":"HttpRequest"},"parameters":{"dataset":"@triggerBody()?['webUrl']","parameters/method":"POST","parameters/uri":"/_api/sitepages/pages","parameters/headers":{"accept":"application/json","content-type":"application/json;odata=verbose;charset=utf-8","if-match":"*"},"parameters/body":"{\n    \"__metadata\": {\n        \"type\": \"SP.Publishing.SitePage\"\n    },\n    \"PageLayoutType\":\"Article\"\n}"},"authentication":"@parameters('$authentication')"}},"Parse_JSON_About_Us_Page":{"runAfter":{"Create_About_Us_Page":["Succeeded"]},"type":"ParseJson","inputs":{"content":"@outputs('Create_About_Us_Page')?['body']","schema":{"type":"object","properties":{"odata.metadata":{"type":"string"},"odata.type":{"type":"string"},"odata.id":{"type":"string"},"odata.editLink":{"type":"string"},"AbsoluteUrl":{"type":"string"},"AuthorByline":{},"BannerImageUrl":{},"BannerThumbnailUrl":{},"CallToAction":{"type":"string"},"Categories":{},"ContentTypeId":{"type":"string"},"Description":{},"DoesUserHaveEditPermission":{"type":"boolean"},"FileName":{"type":"string"},"FirstPublished":{"type":"string"},"Id":{"type":"integer"},"IsPageCheckedOutToCurrentUser":{"type":"boolean"},"IsWebWelcomePage":{"type":"boolean"},"Modified":{"type":"string"},"PageLayoutType":{"type":"string"},"Path":{"type":"object","properties":{"DecodedUrl":{"type":"string"}}},"PromotedState":{"type":"integer"},"Title":{},"TopicHeader":{},"UniqueId":{"type":"string"},"Url":{"type":"string"},"Version":{"type":"string"},"VersionInfo":{"type":"object","properties":{"LastVersionCreated":{"type":"string"},"LastVersionCreatedBy":{"type":"string"}}},"AlternativeUrlMap":{"type":"string"},"CanvasContent1":{"type":"string"},"LayoutWebpartsContent":{},"SitePageFlags":{"type":"string"}}}}},"Save_About_Us_Page":{"runAfter":{"Parse_JSON_About_Us_Page":["Succeeded"]},"type":"OpenApiConnection","inputs":{"host":{"apiId":"/providers/Microsoft.PowerApps/apis/shared_sharepointonline","connectionName":"shared_sharepointonline","operationId":"HttpRequest"},"parameters":{"dataset":"@triggerBody()?['webUrl']","parameters/method":"POST","parameters/uri":"_api/sitepages/pages/GetById(@{body('Parse_JSON_About_Us_Page')?['Id']})/savepageasdraft","parameters/headers":{"Accept":"application/json;odata=verbose","Content-Type":"application/json"},"parameters/body":"{\n    \"__metadata\": {\n        \"type\": \"SP.Publishing.SitePage\"\n    },\n    \"BannerImageUrl\": \"https://cdn.hubblecontent.osi.office.net/m365content/publish/079ea50e-62f9-4419-b3fc-1c128a665a16/thumbnails/large.jpg?file=584714362.jpg\",\n    \"BannerThumbnailUrl\": \"https://cdn.hubblecontent.osi.office.net/m365content/publish/079ea50e-62f9-4419-b3fc-1c128a665a16/thumbnails/large.jpg?file=584714362.jpg\",\n    \"FileName\": \"About-Us.aspx\",\n    \"PageLayoutType\": \"Article\",\n    \"Title\": \"About Us\",\n    \"AlternativeUrlMap\": \"{\\\"UserPhotoAspx\\\":\\\"https://privatecdn.sharepointonline.com/giuleon.sharepoint.com/_userprofile/userphoto.jpg?_eat_=1635616883_26309b45c7758729c9af54ef34c1c8d1bdd2229ef594fb0d529e19af233c174f&_oat_=1635616883_02923fc2167a2f1ac299bd52d1bac17e4a5cd06b59621605f997d8c715a6bd91\\\",\\\"MediaTAThumbnailPathUrl\\\":\\\"https://northeurope1-mediap.svc.ms/transform/thumbnail?provider=spo&inputFormat={.fileType}&cs=UEFHRVN8U1BP&docid={.spHost}/_api/v2.0/sharePoint:{.resourceUrl}:/driveItem&w={.widthValue}&oauth_token=bearer%20{.oauthToken}\\\",\\\"MediaTAThumbnailHostUrl\\\":\\\"https://northeurope1-mediap.svc.ms\\\",\\\"AFDCDNEnabled\\\":\\\"ClientNotOnEdge\\\",\\\"CurrentSiteCDNPolicy\\\":\\\"True\\\",\\\"PublicCDNEnabled\\\":\\\"True\\\",\\\"PrivateCDNEnabled\\\":\\\"True\\\"}\",\n    \"CanvasContent1\": \"[{\\\"position\\\":{\\\"controlIndex\\\":1,\\\"sectionIndex\\\":1,\\\"sectionFactor\\\":12,\\\"zoneIndex\\\":1,\\\"layoutIndex\\\":1},\\\"controlType\\\":3,\\\"id\\\":\\\"7f71f49d-43dc-4b32-941a-3ea6403b30fe\\\",\\\"webPartId\\\":\\\"d1d91016-032f-456d-98a4-721247c305e8\\\",\\\"rteInstanceId\\\":\\\"1212fc8d-dd6b-408a-8d5d-9f1cc787efbb\\\",\\\"emphasis\\\":{},\\\"zoneGroupMetadata\\\":{\\\"type\\\":0},\\\"addedFromPersistedData\\\":true,\\\"reservedHeight\\\":808,\\\"reservedWidth\\\":1170,\\\"webPartData\\\":{\\\"id\\\":\\\"d1d91016-032f-456d-98a4-721247c305e8\\\",\\\"instanceId\\\":\\\"7f71f49d-43dc-4b32-941a-3ea6403b30fe\\\",\\\"title\\\":\\\"Image\\\",\\\"description\\\":\\\"Add an image, picture or photo to your page including text overlays and ability to crop and resize images.\\\",\\\"audiences\\\":[],\\\"serverProcessedContent\\\":{\\\"htmlStrings\\\":{},\\\"searchablePlainTexts\\\":{},\\\"imageSources\\\":{\\\"imageSource\\\":\\\"https://cdn.hubblecontent.osi.office.net/m365content/publish/006d27b5-ce41-4f23-b65e-df986bb9947b/648617500.jpg\\\"},\\\"links\\\":{},\\\"customMetadata\\\":{\\\"imageSource\\\":{\\\"imgwidth\\\":\\\"6016\\\",\\\"imgheight\\\":\\\"4016\\\"}}},\\\"dataVersion\\\":\\\"1.9\\\",\\\"properties\\\":{\\\"id\\\":\\\"28b5d0e9-1dea-4cc8-8e78-ba865d824102\\\",\\\"linkUrl\\\":\\\"\\\",\\\"isInlineImage\\\":true,\\\"alignment\\\":\\\"Center\\\",\\\"imgHeight\\\":4016,\\\"imgWidth\\\":6016,\\\"imageSourceType\\\":2,\\\"resizeCoefficient\\\":1,\\\"resizeDesiredWidth\\\":1170,\\\"fileName\\\":\\\"Person-on-busy-street.jpg\\\",\\\"fixAspectRatio\\\":false,\\\"overlayText\\\":\\\"\\\",\\\"altText\\\":\\\"\\\"}}},{\\\"controlType\\\":4,\\\"id\\\":\\\"1212fc8d-dd6b-408a-8d5d-9f1cc787efbb\\\",\\\"position\\\":{\\\"controlIndex\\\":2,\\\"sectionIndex\\\":1,\\\"sectionFactor\\\":12,\\\"zoneIndex\\\":1,\\\"layoutIndex\\\":1},\\\"addedFromPersistedData\\\":true,\\\"emphasis\\\":{},\\\"zoneGroupMetadata\\\":{\\\"type\\\":0},\\\"innerHTML\\\":\\\"<h2>What is Lorem Ipsum?</h2><p><strong>Lorem Ipsum</strong>&nbsp;is simply dummy text of the printing and typesetting industry. Lorem Ipsum has been the industry's standard dummy text ever since the 1500s, when an unknown printer took a galley of type and scrambled it to make a type specimen book. It has survived not only five centuries, but also the leap into electronic typesetting, remaining essentially unchanged. It was popularised in the 1960s with the release of Letraset sheets containing Lorem Ipsum passages, and more recently with desktop publishing software like Aldus PageMaker including versions of Lorem Ipsum.</p><div tabindex=\\\\\\\"-1\\\\\\\" data-cke-widget-wrapper=\\\\\\\"1\\\\\\\" data-cke-filter=\\\\\\\"off\\\\\\\" class=\\\\\\\"cke_widget_wrapper cke_widget_block cke_widget_inlineimage cke_widget_wrapper_webPartInRteInlineImage cke_widget_wrapper_webPartInRteAlignCenter cke_widget_wrapper_webPartInRte cke_widget_selected\\\\\\\" data-cke-display-name=\\\\\\\"div\\\\\\\" data-cke-widget-id=\\\\\\\"1\\\\\\\" role=\\\\\\\"region\\\\\\\" aria-label=\\\\\\\"Inline image in RTE. Use Alt + F11 to go to toolbar. Use Alt + P to open the property pane.\\\\\\\"><div data-webpart-id=\\\\\\\"image\\\\\\\" class=\\\\\\\"webPartInRte webPartInRteAlignCenter webPartInRteInlineImage cke_widget_element\\\\\\\" data-cke-widget-data=\\\\\\\"%7B%22classes%22%3A%7B%22webPartInRteInlineImage%22%3A1%2C%22webPartInRteAlignCenter%22%3A1%2C%22webPartInRte%22%3A1%7D%7D\\\\\\\" data-cke-widget-upcasted=\\\\\\\"1\\\\\\\" data-cke-widget-keep-attr=\\\\\\\"0\\\\\\\" data-widget=\\\\\\\"inlineimage\\\\\\\" data-instance-id=\\\\\\\"7f71f49d-43dc-4b32-941a-3ea6403b30fe\\\\\\\" title=\\\\\\\"\\\\\\\"></div></div><h2>Why do we use it?</h2><p>It is a long established fact that a reader will be distracted by the readable content of a page when looking at its layout. The point of using Lorem Ipsum is that it has a more-or-less normal distribution of letters, as opposed to using 'Content here, content here', making it look like readable English. Many desktop publishing packages and web page editors now use Lorem Ipsum as their default model text, and a search for 'lorem ipsum' will uncover many web sites still in their infancy. Various versions have evolved over the years, sometimes by accident, sometimes on purpose (injected humour and the like).</p><h2>Where does it come from?</h2><p>Contrary to popular belief, Lorem Ipsum is not simply random text. It has roots in a piece of classical Latin literature from 45 BC, making it over 2000 years old. Richard McClintock, a Latin professor at Hampden-Sydney College in Virginia, looked up one of the more obscure Latin words, consectetur, from a Lorem Ipsum passage, and going through the cites of the word in classical literature, discovered the undoubtable source. Lorem Ipsum comes from sections 1.10.32 and 1.10.33 of \\\\\\\"de Finibus Bonorum et Malorum\\\\\\\" (The Extremes of Good and Evil) by Cicero, written in 45 BC. This book is a treatise on the theory of ethics, very popular during the Renaissance. The first line of Lorem Ipsum, \\\\\\\"Lorem ipsum dolor sit amet..\\\\\\\", comes from a line in section 1.10.32.</p><p>The standard chunk of Lorem Ipsum used since the 1500s is reproduced below for those interested. Sections 1.10.32 and 1.10.33 from \\\\\\\"de Finibus Bonorum et Malorum\\\\\\\" by Cicero are also reproduced in their exact original form, accompanied by English versions from the 1914 translation by H. Rackham.</p><h2>Where can I get some?</h2><p>There are many variations of passages of Lorem Ipsum available, but the majority have suffered alteration in some form, by injected humour, or randomised words which don't look even slightly believable. If you are going to use a passage of Lorem Ipsum, you need to be sure there isn't anything embarrassing hidden in the middle of text. All the Lorem Ipsum generators on the Internet tend to repeat predefined chunks as necessary, making this the first true generator on the Internet. It uses a dictionary of over 200 Latin words, combined with a handful of model sentence structures, to generate Lorem Ipsum which looks reasonable. The generated Lorem Ipsum is therefore always free from repetition, injected humour, or non-characteristic words etc.</p>\\\"},{\\\"controlType\\\":0,\\\"pageSettingsSlice\\\":{\\\"isDefaultDescription\\\":true,\\\"isDefaultThumbnail\\\":true}}]\",\n    \"LayoutWebpartsContent\": \"[{\\\"id\\\":\\\"cbe7b0a9-3504-44dd-a3a3-0e5cacd07788\\\",\\\"instanceId\\\":\\\"cbe7b0a9-3504-44dd-a3a3-0e5cacd07788\\\",\\\"title\\\":\\\"\\\\n      Title area\\\\n    \\\",\\\"description\\\":\\\"\\\\n      Title area description\\\\n    \\\",\\\"audiences\\\":[],\\\"serverProcessedContent\\\":{\\\"htmlStrings\\\":{},\\\"searchablePlainTexts\\\":{},\\\"imageSources\\\":{\\\"imageSource\\\":\\\"https://cdn.hubblecontent.osi.office.net/m365content/publish/079ea50e-62f9-4419-b3fc-1c128a665a16/584714362.jpg\\\"},\\\"links\\\":{},\\\"customMetadata\\\":{\\\"imageSource\\\":{\\\"imgWidth\\\":3015,\\\"imgHeight\\\":2010}}},\\\"dataVersion\\\":\\\"1.4\\\",\\\"properties\\\":{\\\"imageSourceType\\\":2,\\\"title\\\":\\\"About Us\\\",\\\"textAlignment\\\":\\\"Center\\\",\\\"showPublishDate\\\":false,\\\"authors\\\":[],\\\"showTopicHeader\\\":false,\\\"authorByline\\\":[],\\\"layoutType\\\":\\\"CutInShape\\\",\\\"topicHeader\\\":\\\"\\\",\\\"enableGradientEffect\\\":true,\\\"imgHeight\\\":2010,\\\"imgWidth\\\":3015},\\\"reservedHeight\\\":359}]\",\n}"},"authentication":"@parameters('$authentication')"}},"Publish_About_Us_Page":{"runAfter":{"Save_About_Us_Page":["Succeeded"]},"type":"OpenApiConnection","inputs":{"host":{"apiId":"/providers/Microsoft.PowerApps/apis/shared_sharepointonline","connectionName":"shared_sharepointonline","operationId":"HttpRequest"},"parameters":{"dataset":"@triggerBody()?['webUrl']","parameters/method":"POST","parameters/uri":"_api/sitepages/pages/GetById(@{body('Parse_JSON_About_Us_Page')?['Id']})/publish","parameters/headers":{"Accept":"application/json;odata=verbose","Content-Type":"application/json"}},"authentication":"@parameters('$authentication')"}},"Create_Our_Mission_Page":{"runAfter":{"Publish_About_Us_Page":["Succeeded"]},"type":"OpenApiConnection","inputs":{"host":{"apiId":"/providers/Microsoft.PowerApps/apis/shared_sharepointonline","connectionName":"shared_sharepointonline","operationId":"HttpRequest"},"parameters":{"dataset":"@triggerBody()?['webUrl']","parameters/method":"POST","parameters/uri":"/_api/sitepages/pages","parameters/headers":{"accept":"application/json","content-type":"application/json;odata=verbose;charset=utf-8","if-match":"*"},"parameters/body":"{\n    \"__metadata\": {\n        \"type\": \"SP.Publishing.SitePage\"\n    },\n    \"PageLayoutType\":\"Article\"\n}"},"authentication":"@parameters('$authentication')"}},"Parse_JSON_Our_Mission_Page":{"runAfter":{"Create_Our_Mission_Page":["Succeeded"]},"type":"ParseJson","inputs":{"content":"@outputs('Create_Our_Mission_Page')?['body']","schema":{"type":"object","properties":{"odata.metadata":{"type":"string"},"odata.type":{"type":"string"},"odata.id":{"type":"string"},"odata.editLink":{"type":"string"},"AbsoluteUrl":{"type":"string"},"AuthorByline":{},"BannerImageUrl":{},"BannerThumbnailUrl":{},"CallToAction":{"type":"string"},"Categories":{},"ContentTypeId":{"type":"string"},"Description":{},"DoesUserHaveEditPermission":{"type":"boolean"},"FileName":{"type":"string"},"FirstPublished":{"type":"string"},"Id":{"type":"integer"},"IsPageCheckedOutToCurrentUser":{"type":"boolean"},"IsWebWelcomePage":{"type":"boolean"},"Modified":{"type":"string"},"PageLayoutType":{"type":"string"},"Path":{"type":"object","properties":{"DecodedUrl":{"type":"string"}}},"PromotedState":{"type":"integer"},"Title":{},"TopicHeader":{},"UniqueId":{"type":"string"},"Url":{"type":"string"},"Version":{"type":"string"},"VersionInfo":{"type":"object","properties":{"LastVersionCreated":{"type":"string"},"LastVersionCreatedBy":{"type":"string"}}},"AlternativeUrlMap":{"type":"string"},"CanvasContent1":{"type":"string"},"LayoutWebpartsContent":{},"SitePageFlags":{"type":"string"}}}}},"Save_Our_Mission_Page":{"runAfter":{"Parse_JSON_Our_Mission_Page":["Succeeded"]},"type":"OpenApiConnection","inputs":{"host":{"apiId":"/providers/Microsoft.PowerApps/apis/shared_sharepointonline","connectionName":"shared_sharepointonline","operationId":"HttpRequest"},"parameters":{"dataset":"@triggerBody()?['webUrl']","parameters/method":"POST","parameters/uri":"_api/sitepages/pages/GetById(@{body('Parse_JSON_Our_Mission_Page')?['Id']})/savepageasdraft","parameters/headers":{"Accept":"application/json;odata=verbose","Content-Type":"application/json"},"parameters/body":"{\n    \"__metadata\": {\n        \"type\": \"SP.Publishing.SitePage\"\n    },\n    \"FileName\": \"Our-Mission.aspx\",\n    \"Title\": \"Our Mission\",\n    \"PageLayoutType\":\"Article\",\n    \"BannerImageUrl\": \"https://cdn.hubblecontent.osi.office.net/m365content/publish/47f6892c-ffb8-4d54-917b-c69aa78a7821/thumbnails/large.jpg?file=1072487034.jpg\",\n        \"BannerThumbnailUrl\": \"https://cdn.hubblecontent.osi.office.net/m365content/publish/47f6892c-ffb8-4d54-917b-c69aa78a7821/thumbnails/large.jpg?file=1072487034.jpg\",\n        \"AlternativeUrlMap\": \"{\\\"UserPhotoAspx\\\":\\\"https://privatecdn.sharepointonline.com/giuleon.sharepoint.com/_userprofile/userphoto.jpg?_eat_=1635606083_f7f078d5253c44fec2d7bca1716e974c7e78d127228b0a4fa6fa09f4972def5e&_oat_=1635606083_0ed27ce5a268eade2a1fb4c606789f6e24a6addeab38188b7f78aeb2a847302a\\\",\\\"MediaTAThumbnailPathUrl\\\":\\\"https://northeurope1-mediap.svc.ms/transform/thumbnail?provider=spo&inputFormat={.fileType}&cs=UEFHRVN8U1BP&docid={.spHost}/_api/v2.0/sharePoint:{.resourceUrl}:/driveItem&w={.widthValue}&oauth_token=bearer%20{.oauthToken}\\\",\\\"MediaTAThumbnailHostUrl\\\":\\\"https://northeurope1-mediap.svc.ms\\\",\\\"AFDCDNEnabled\\\":\\\"ClientNotOnEdge\\\",\\\"CurrentSiteCDNPolicy\\\":\\\"True\\\",\\\"PublicCDNEnabled\\\":\\\"True\\\",\\\"PrivateCDNEnabled\\\":\\\"True\\\"}\",\n        \"CanvasContent1\": \"[{\\\"position\\\":{\\\"zoneIndex\\\":1,\\\"sectionIndex\\\":1,\\\"controlIndex\\\":0.5,\\\"layoutIndex\\\":1},\\\"controlType\\\":3,\\\"id\\\":\\\"e5199589-a80f-4831-a36a-e08dd4256261\\\",\\\"webPartId\\\":\\\"d1d91016-032f-456d-98a4-721247c305e8\\\",\\\"rteInstanceId\\\":\\\"e119733a-275f-4c9f-bf5f-4e6201353499\\\",\\\"emphasis\\\":{},\\\"zoneGroupMetadata\\\":{\\\"type\\\":0},\\\"addedFromPersistedData\\\":true,\\\"reservedHeight\\\":832,\\\"reservedWidth\\\":1170,\\\"webPartData\\\":{\\\"id\\\":\\\"d1d91016-032f-456d-98a4-721247c305e8\\\",\\\"instanceId\\\":\\\"e5199589-a80f-4831-a36a-e08dd4256261\\\",\\\"title\\\":\\\"Image\\\",\\\"description\\\":\\\"Add an image, picture or photo to your page including text overlays and ability to crop and resize images.\\\",\\\"audiences\\\":[],\\\"serverProcessedContent\\\":{\\\"htmlStrings\\\":{},\\\"searchablePlainTexts\\\":{},\\\"imageSources\\\":{\\\"imageSource\\\":\\\"https://cdn.hubblecontent.osi.office.net/m365content/publish/e11e343e-9bd2-4734-b000-df2433d395aa/809281996.jpg\\\"},\\\"links\\\":{},\\\"customMetadata\\\":{\\\"imageSource\\\":{\\\"imgwidth\\\":\\\"2048\\\",\\\"imgheight\\\":\\\"1409\\\"}}},\\\"dataVersion\\\":\\\"1.9\\\",\\\"properties\\\":{\\\"id\\\":\\\"8cf83490-a406-423d-b263-8367858f38c3\\\",\\\"linkUrl\\\":\\\"\\\",\\\"isInlineImage\\\":true,\\\"alignment\\\":\\\"Center\\\",\\\"imgHeight\\\":1409,\\\"imgWidth\\\":2048,\\\"imageSourceType\\\":2,\\\"fileName\\\":\\\"Navigational-compass-on-a-blue-background.jpg\\\",\\\"fixAspectRatio\\\":false,\\\"overlayText\\\":\\\"\\\",\\\"altText\\\":\\\"\\\"}}},{\\\"controlType\\\":4,\\\"id\\\":\\\"e119733a-275f-4c9f-bf5f-4e6201353499\\\",\\\"position\\\":{\\\"zoneIndex\\\":1,\\\"sectionIndex\\\":1,\\\"controlIndex\\\":1,\\\"layoutIndex\\\":1},\\\"emphasis\\\":{},\\\"zoneGroupMetadata\\\":{\\\"type\\\":0},\\\"innerHTML\\\":\\\"<h2>What is Lorem Ipsum?</h2><p><strong>Lorem Ipsum</strong>&nbsp;is simply dummy text of the printing and typesetting industry. Lorem Ipsum has been the industry's standard dummy text ever since the 1500s, when an unknown printer took a galley of type and scrambled it to make a type specimen book. It has survived not only five centuries, but also the leap into electronic typesetting, remaining essentially unchanged. It was popularised in the 1960s with the release of Letraset sheets containing Lorem Ipsum passages, and more recently with desktop publishing software like Aldus PageMaker including versions of Lorem Ipsum.</p><h2>Why do we use it?</h2><p>It is a long established fact that a reader will be distracted by the readable content of a page when looking at its layout. The point of using Lorem Ipsum is that it has a more-or-less normal distribution of letters, as opposed to using 'Content here, content here', making it look like readable English. Many desktop publishing packages and web page editors now use Lorem Ipsum as their default model text, and a search for 'lorem ipsum' will uncover many web sites still in their infancy. Various versions have evolved over the years, sometimes by accident, sometimes on purpose (injected humour and the like).</p><div tabindex=\\\\\\\"-1\\\\\\\" data-cke-widget-wrapper=\\\\\\\"1\\\\\\\" data-cke-filter=\\\\\\\"off\\\\\\\" class=\\\\\\\"cke_widget_wrapper cke_widget_block cke_widget_inlineimage cke_widget_wrapper_webPartInRteInlineImage cke_widget_wrapper_webPartInRteAlignCenter cke_widget_wrapper_webPartInRte cke_widget_selected\\\\\\\" data-cke-display-name=\\\\\\\"div\\\\\\\" data-cke-widget-id=\\\\\\\"0\\\\\\\" role=\\\\\\\"region\\\\\\\" aria-label=\\\\\\\"Inline image in RTE. Use Alt + F11 to go to toolbar. Use Alt + P to open the property pane.\\\\\\\"><div data-webpart-id=\\\\\\\"image\\\\\\\" class=\\\\\\\"webPartInRte webPartInRteAlignCenter webPartInRteInlineImage cke_widget_element\\\\\\\" data-cke-widget-data=\\\\\\\"%7B%22classes%22%3A%7B%22webPartInRteInlineImage%22%3A1%2C%22webPartInRteAlignCenter%22%3A1%2C%22webPartInRte%22%3A1%7D%7D\\\\\\\" data-cke-widget-upcasted=\\\\\\\"1\\\\\\\" data-cke-widget-keep-attr=\\\\\\\"0\\\\\\\" data-widget=\\\\\\\"inlineimage\\\\\\\" data-instance-id=\\\\\\\"e5199589-a80f-4831-a36a-e08dd4256261\\\\\\\" title=\\\\\\\"\\\\\\\"></div></div><h2>Where does it come from?</h2><p>Contrary to popular belief, Lorem Ipsum is not simply random text. It has roots in a piece of classical Latin literature from 45 BC, making it over 2000 years old. Richard McClintock, a Latin professor at Hampden-Sydney College in Virginia, looked up one of the more obscure Latin words, consectetur, from a Lorem Ipsum passage, and going through the cites of the word in classical literature, discovered the undoubtable source. Lorem Ipsum comes from sections 1.10.32 and 1.10.33 of \\\\\\\"de Finibus Bonorum et Malorum\\\\\\\" (The Extremes of Good and Evil) by Cicero, written in 45 BC. This book is a treatise on the theory of ethics, very popular during the Renaissance. The first line of Lorem Ipsum, \\\\\\\"Lorem ipsum dolor sit amet..\\\\\\\", comes from a line in section 1.10.32.</p><p>The standard chunk of Lorem Ipsum used since the 1500s is reproduced below for those interested. Sections 1.10.32 and 1.10.33 from \\\\\\\"de Finibus Bonorum et Malorum\\\\\\\" by Cicero are also reproduced in their exact original form, accompanied by English versions from the 1914 translation by H. Rackham.</p><h2>Where can I get some?</h2><p>There are many variations of passages of Lorem Ipsum available, but the majority have suffered alteration in some form, by injected humour, or randomised words which don't look even slightly believable. If you are going to use a passage of Lorem Ipsum, you need to be sure there isn't anything embarrassing hidden in the middle of text. All the Lorem Ipsum generators on the Internet tend to repeat predefined chunks as necessary, making this the first true generator on the Internet. It uses a dictionary of over 200 Latin words, combined with a handful of model sentence structures, to generate Lorem Ipsum which looks reasonable. The generated Lorem Ipsum is therefore always free from repetition, injected humour, or non-characteristic words etc.</p>\\\"},{\\\"controlType\\\":0,\\\"pageSettingsSlice\\\":{\\\"isDefaultDescription\\\":true,\\\"isDefaultThumbnail\\\":true}}]\",\n        \"LayoutWebpartsContent\": \"[{\\\"id\\\":\\\"cbe7b0a9-3504-44dd-a3a3-0e5cacd07788\\\",\\\"instanceId\\\":\\\"cbe7b0a9-3504-44dd-a3a3-0e5cacd07788\\\",\\\"title\\\":\\\"Title area\\\",\\\"description\\\":\\\"Title Region Description\\\",\\\"audiences\\\":[],\\\"serverProcessedContent\\\":{\\\"htmlStrings\\\":{},\\\"searchablePlainTexts\\\":{},\\\"imageSources\\\":{\\\"imageSource\\\":\\\"https://cdn.hubblecontent.osi.office.net/m365content/publish/47f6892c-ffb8-4d54-917b-c69aa78a7821/1072487034.jpg\\\"},\\\"links\\\":{},\\\"customMetadata\\\":{\\\"imageSource\\\":{\\\"imgWidth\\\":2048,\\\"imgHeight\\\":1365}}},\\\"dataVersion\\\":\\\"1.4\\\",\\\"properties\\\":{\\\"title\\\":\\\"Our Mission\\\",\\\"imageSourceType\\\":2,\\\"layoutType\\\":\\\"FullWidthImage\\\",\\\"textAlignment\\\":\\\"Center\\\",\\\"showTopicHeader\\\":false,\\\"showPublishDate\\\":false,\\\"topicHeader\\\":\\\"\\\",\\\"enableGradientEffect\\\":true,\\\"authors\\\":[],\\\"authorByline\\\":[],\\\"translateX\\\":50.118670886075947,\\\"translateY\\\":47.142857142857139,\\\"imgHeight\\\":1365,\\\"imgWidth\\\":2048,\\\"hasTitleBeenCommitted\\\":true},\\\"reservedHeight\\\":280}]\"\n}\n"},"authentication":"@parameters('$authentication')"}},"Publish_Our_Mission_Page":{"runAfter":{"Save_Our_Mission_Page":["Succeeded"]},"type":"OpenApiConnection","inputs":{"host":{"apiId":"/providers/Microsoft.PowerApps/apis/shared_sharepointonline","connectionName":"shared_sharepointonline","operationId":"HttpRequest"},"parameters":{"dataset":"@triggerBody()?['webUrl']","parameters/method":"POST","parameters/uri":"_api/sitepages/pages/GetById(@{body('Parse_JSON_Our_Mission_Page')?['Id']})/publish","parameters/headers":{"Accept":"application/json;odata=verbose","Content-Type":"application/json"}},"authentication":"@parameters('$authentication')"}},"Parse_JSON_Home":{"runAfter":{"Create_Home_Page":["Succeeded"]},"type":"ParseJson","inputs":{"content":"@outputs('Create_Home_Page')?['body']","schema":{"type":"object","properties":{"odata.metadata":{"type":"string"},"odata.type":{"type":"string"},"odata.id":{"type":"string"},"odata.editLink":{"type":"string"},"AbsoluteUrl":{"type":"string"},"AuthorByline":{},"BannerImageUrl":{},"BannerThumbnailUrl":{},"CallToAction":{"type":"string"},"Categories":{},"ContentTypeId":{"type":"string"},"Description":{},"DoesUserHaveEditPermission":{"type":"boolean"},"FileName":{"type":"string"},"FirstPublished":{"type":"string"},"Id":{"type":"integer"},"IsPageCheckedOutToCurrentUser":{"type":"boolean"},"IsWebWelcomePage":{"type":"boolean"},"Modified":{"type":"string"},"PageLayoutType":{"type":"string"},"Path":{"type":"object","properties":{"DecodedUrl":{"type":"string"}}},"PromotedState":{"type":"integer"},"Title":{},"TopicHeader":{},"UniqueId":{"type":"string"},"Url":{"type":"string"},"Version":{"type":"string"},"VersionInfo":{"type":"object","properties":{"LastVersionCreated":{"type":"string"},"LastVersionCreatedBy":{"type":"string"}}},"AlternativeUrlMap":{"type":"string"},"CanvasContent1":{"type":"string"},"LayoutWebpartsContent":{},"SitePageFlags":{"type":"string"}}}}},"Update_Home_Page":{"runAfter":{"Parse_JSON_Home":["Succeeded"]},"type":"OpenApiConnection","inputs":{"host":{"apiId":"/providers/Microsoft.PowerApps/apis/shared_sharepointonline","connectionName":"shared_sharepointonline","operationId":"HttpRequest"},"parameters":{"dataset":"@triggerBody()?['webUrl']","parameters/method":"POST","parameters/uri":"_api/sitepages/pages/GetById(@{body('Parse_JSON_Home')?['Id']})/savepageasdraft","parameters/headers":{"Accept":"application/json;odata=verbose","Content-Type":"application/json"},"parameters/body":"{\n    \"__metadata\": {\n        \"type\": \"SP.Publishing.SitePage\"\n    },\n    \"CanvasContent1\": \"[{\\\"position\\\":{\\\"zoneIndex\\\":1,\\\"sectionIndex\\\":1,\\\"controlIndex\\\":1,\\\"sectionFactor\\\":12,\\\"layoutIndex\\\":1},\\\"controlType\\\":3,\\\"id\\\":\\\"902f9f18-e278-44da-b04c-5229b51d6ce0\\\",\\\"webPartId\\\":\\\"c4bd7b2f-7b6e-4599-8485-16504575f590\\\",\\\"emphasis\\\":{},\\\"zoneGroupMetadata\\\":{\\\"type\\\":0},\\\"reservedHeight\\\":450,\\\"reservedWidth\\\":1116,\\\"addedFromPersistedData\\\":true,\\\"webPartData\\\":{\\\"id\\\":\\\"c4bd7b2f-7b6e-4599-8485-16504575f590\\\",\\\"instanceId\\\":\\\"902f9f18-e278-44da-b04c-5229b51d6ce0\\\",\\\"title\\\":\\\"Hero\\\",\\\"description\\\":\\\"Prominently display up to 5 pieces of content with links, images, pictures, or photos in a highly visual layout.\\\",\\\"audiences\\\":[],\\\"serverProcessedContent\\\":{\\\"htmlStrings\\\":{},\\\"searchablePlainTexts\\\":{\\\"content[0].callToActionText\\\":\\\"Learn more\\\",\\\"content[1].callToActionText\\\":\\\"Learn more\\\",\\\"content[2].callToActionText\\\":\\\"Learn more\\\",\\\"content[3].callToActionText\\\":\\\"Learn more\\\",\\\"content[4].callToActionText\\\":\\\"Learn more\\\"},\\\"imageSources\\\":{\\\"content[0].previewImage.url\\\":\\\"https://media.akamai.odsp.cdn.office.net/northeurope1-mediap.svc.ms/transform/thumbnail?provider=url&inputFormat=jpg&docid=https://cdn.hubblecontent.osi.office.net/m365content/publish/361dc505-c309-463f-b90b-41d6dd955a3e/140193574.jpg&w=960\\\",\\\"content[1].previewImage.url\\\":\\\"https://media.akamai.odsp.cdn.office.net/northeurope1-mediap.svc.ms/transform/thumbnail?provider=url&inputFormat=jpg&docid=https://cdn.hubblecontent.osi.office.net/m365content/publish/ada48995-43ed-431e-882e-cb1e4f524b7b/1185621271.jpg&w=400\\\",\\\"content[2].previewImage.url\\\":\\\"https://media.akamai.odsp.cdn.office.net/northeurope1-mediap.svc.ms/transform/thumbnail?provider=url&inputFormat=jpg&docid=https://cdn.hubblecontent.osi.office.net/m365content/publish/1991a616-5e05-440e-8bd4-7b787f436f14/1210901764.jpg&w=400\\\",\\\"content[3].previewImage.url\\\":\\\"https://media.akamai.odsp.cdn.office.net/northeurope1-mediap.svc.ms/transform/thumbnail?provider=url&inputFormat=jpg&docid=https://cdn.hubblecontent.osi.office.net/m365content/publish/61659b37-00c4-413b-8e60-6ca92123dbd5/476898328_super.jpg&w=400\\\",\\\"content[4].previewImage.url\\\":\\\"https://media.akamai.odsp.cdn.office.net/northeurope1-mediap.svc.ms/transform/thumbnail?provider=url&inputFormat=jpg&docid=https://cdn.hubblecontent.osi.office.net/m365content/publish/03b66692-a201-4f9a-8ed5-3d45f32adfc0/931834404.jpg&w=400\\\"},\\\"links\\\":{\\\"content[0].link\\\":\\\"https://cdn.hubblecontent.osi.office.net/m365content/publish/361dc505-c309-463f-b90b-41d6dd955a3e/140193574.jpg\\\",\\\"content[1].link\\\":\\\"https://cdn.hubblecontent.osi.office.net/m365content/publish/ada48995-43ed-431e-882e-cb1e4f524b7b/1185621271.jpg\\\",\\\"content[2].link\\\":\\\"https://cdn.hubblecontent.osi.office.net/m365content/publish/1991a616-5e05-440e-8bd4-7b787f436f14/1210901764.jpg\\\",\\\"content[3].link\\\":\\\"https://cdn.hubblecontent.osi.office.net/m365content/publish/61659b37-00c4-413b-8e60-6ca92123dbd5/476898328_super.jpg\\\",\\\"content[4].link\\\":\\\"https://cdn.hubblecontent.osi.office.net/m365content/publish/03b66692-a201-4f9a-8ed5-3d45f32adfc0/931834404.jpg\\\"},\\\"componentDependencies\\\":{\\\"carouselLayoutComponentId\\\":\\\"8ac0c53c-e8d0-4e3e-87d0-7449eb0d4027\\\"},\\\"customMetadata\\\":{\\\"content[0].previewImage.url\\\":{\\\"herolayoutthreshold\\\":\\\"640\\\"},\\\"content[1].previewImage.url\\\":{\\\"herolayoutthreshold\\\":\\\"640\\\"},\\\"content[2].previewImage.url\\\":{\\\"herolayoutthreshold\\\":\\\"640\\\"},\\\"content[3].previewImage.url\\\":{\\\"herolayoutthreshold\\\":\\\"640\\\"},\\\"content[4].previewImage.url\\\":{\\\"herolayoutthreshold\\\":\\\"640\\\"}}},\\\"dataVersion\\\":\\\"1.5\\\",\\\"properties\\\":{\\\"heroLayoutThreshold\\\":640,\\\"carouselLayoutMaxWidth\\\":639,\\\"layoutCategory\\\":1,\\\"layout\\\":5,\\\"content\\\":[{\\\"id\\\":\\\"3a6c41b5-7521-4aff-875c-880d1b9c1468\\\",\\\"type\\\":\\\"UrlLink\\\",\\\"color\\\":4,\\\"description\\\":\\\"\\\",\\\"title\\\":\\\"\\\",\\\"showDescription\\\":false,\\\"showTitle\\\":true,\\\"alternateText\\\":\\\"\\\",\\\"imageDisplayOption\\\":1,\\\"isDefaultImage\\\":false,\\\"showCallToAction\\\":true,\\\"isDefaultImageLoaded\\\":true,\\\"isCustomImageLoaded\\\":false,\\\"showFeatureText\\\":false,\\\"previewImage\\\":{\\\"zoomRatio\\\":1,\\\"imageUrl\\\":\\\"https://media.akamai.odsp.cdn.office.net/northeurope1-mediap.svc.ms/transform/thumbnail?provider=url&inputFormat=jpg&docid=https%3A%2F%2Fcdn.hubblecontent.osi.office.net%2Fm365content%2Fpublish%2F361dc505-c309-463f-b90b-41d6dd955a3e%2F140193574.jpg&w=960\\\",\\\"widthFactor\\\":0.5,\\\"minCanvasWidth\\\":1}},{\\\"id\\\":\\\"0e45f4ae-bb6e-488d-ad02-0235aad97285\\\",\\\"type\\\":\\\"UrlLink\\\",\\\"color\\\":4,\\\"description\\\":\\\"\\\",\\\"title\\\":\\\"\\\",\\\"showDescription\\\":false,\\\"showTitle\\\":true,\\\"alternateText\\\":\\\"\\\",\\\"imageDisplayOption\\\":1,\\\"isDefaultImage\\\":false,\\\"showCallToAction\\\":false,\\\"isDefaultImageLoaded\\\":true,\\\"isCustomImageLoaded\\\":false,\\\"showFeatureText\\\":false,\\\"previewImage\\\":{\\\"zoomRatio\\\":1,\\\"imageUrl\\\":\\\"https://media.akamai.odsp.cdn.office.net/northeurope1-mediap.svc.ms/transform/thumbnail?provider=url&inputFormat=jpg&docid=https%3A%2F%2Fcdn.hubblecontent.osi.office.net%2Fm365content%2Fpublish%2Fada48995-43ed-431e-882e-cb1e4f524b7b%2F1185621271.jpg&w=400\\\",\\\"widthFactor\\\":0.25,\\\"minCanvasWidth\\\":640}},{\\\"id\\\":\\\"0d0fc229-95e7-48c0-984b-9263f0efa6f8\\\",\\\"type\\\":\\\"UrlLink\\\",\\\"color\\\":4,\\\"description\\\":\\\"\\\",\\\"title\\\":\\\"\\\",\\\"showDescription\\\":false,\\\"showTitle\\\":true,\\\"alternateText\\\":\\\"\\\",\\\"imageDisplayOption\\\":1,\\\"isDefaultImage\\\":false,\\\"showCallToAction\\\":false,\\\"isDefaultImageLoaded\\\":true,\\\"isCustomImageLoaded\\\":false,\\\"showFeatureText\\\":false,\\\"previewImage\\\":{\\\"zoomRatio\\\":1,\\\"imageUrl\\\":\\\"https://media.akamai.odsp.cdn.office.net/northeurope1-mediap.svc.ms/transform/thumbnail?provider=url&inputFormat=jpg&docid=https%3A%2F%2Fcdn.hubblecontent.osi.office.net%2Fm365content%2Fpublish%2F1991a616-5e05-440e-8bd4-7b787f436f14%2F1210901764.jpg&w=400\\\",\\\"widthFactor\\\":0.25,\\\"minCanvasWidth\\\":640}},{\\\"id\\\":\\\"1b0f6114-a5e4-4cdc-8847-2e1854002b42\\\",\\\"type\\\":\\\"UrlLink\\\",\\\"color\\\":4,\\\"description\\\":\\\"\\\",\\\"title\\\":\\\"\\\",\\\"showDescription\\\":false,\\\"showTitle\\\":true,\\\"alternateText\\\":\\\"\\\",\\\"imageDisplayOption\\\":1,\\\"isDefaultImage\\\":false,\\\"showCallToAction\\\":false,\\\"isDefaultImageLoaded\\\":true,\\\"isCustomImageLoaded\\\":false,\\\"showFeatureText\\\":false,\\\"previewImage\\\":{\\\"zoomRatio\\\":1,\\\"imageUrl\\\":\\\"https://media.akamai.odsp.cdn.office.net/northeurope1-mediap.svc.ms/transform/thumbnail?provider=url&inputFormat=jpg&docid=https%3A%2F%2Fcdn.hubblecontent.osi.office.net%2Fm365content%2Fpublish%2F61659b37-00c4-413b-8e60-6ca92123dbd5%2F476898328_super.jpg&w=400\\\",\\\"widthFactor\\\":0.25,\\\"minCanvasWidth\\\":640}},{\\\"id\\\":\\\"01d08d76-cc12-4530-a855-474e5af9b84e\\\",\\\"type\\\":\\\"UrlLink\\\",\\\"color\\\":4,\\\"description\\\":\\\"\\\",\\\"title\\\":\\\"\\\",\\\"showDescription\\\":false,\\\"showTitle\\\":true,\\\"alternateText\\\":\\\"\\\",\\\"imageDisplayOption\\\":1,\\\"isDefaultImage\\\":false,\\\"showCallToAction\\\":false,\\\"isDefaultImageLoaded\\\":true,\\\"isCustomImageLoaded\\\":false,\\\"showFeatureText\\\":false,\\\"previewImage\\\":{\\\"zoomRatio\\\":1,\\\"imageUrl\\\":\\\"https://media.akamai.odsp.cdn.office.net/northeurope1-mediap.svc.ms/transform/thumbnail?provider=url&inputFormat=jpg&docid=https%3A%2F%2Fcdn.hubblecontent.osi.office.net%2Fm365content%2Fpublish%2F03b66692-a201-4f9a-8ed5-3d45f32adfc0%2F931834404.jpg&w=400\\\",\\\"widthFactor\\\":0.25,\\\"minCanvasWidth\\\":640}}]}}},{\\\"controlType\\\":3,\\\"webPartId\\\":\\\"8c88f208-6c77-4bdb-86a0-0c47b4316588\\\",\\\"position\\\":{\\\"controlIndex\\\":2,\\\"sectionIndex\\\":1,\\\"sectionFactor\\\":12,\\\"zoneIndex\\\":1,\\\"layoutIndex\\\":1},\\\"id\\\":\\\"3c3acc5f-432c-4b7b-a6b3-0426a6dad5cf\\\",\\\"addedFromPersistedData\\\":true,\\\"emphasis\\\":{},\\\"zoneGroupMetadata\\\":{\\\"type\\\":0},\\\"reservedHeight\\\":308,\\\"reservedWidth\\\":1116,\\\"webPartData\\\":{\\\"id\\\":\\\"8c88f208-6c77-4bdb-86a0-0c47b4316588\\\",\\\"instanceId\\\":\\\"3c3acc5f-432c-4b7b-a6b3-0426a6dad5cf\\\",\\\"title\\\":\\\"News\\\",\\\"description\\\":\\\"Show recent news for the current site.\\\",\\\"audiences\\\":[],\\\"serverProcessedContent\\\":{\\\"htmlStrings\\\":{},\\\"searchablePlainTexts\\\":{},\\\"imageSources\\\":{},\\\"links\\\":{\\\"baseUrl\\\":\\\"/sites/DRONETES\\\"}},\\\"dataVersion\\\":\\\"1.12\\\",\\\"properties\\\":{\\\"showChrome\\\":true,\\\"carouselSettings\\\":{\\\"autoplay\\\":false,\\\"autoplaySpeed\\\":5,\\\"dots\\\":true,\\\"lazyLoad\\\":true},\\\"showNewsMetadata\\\":{\\\"showSocialActions\\\":false,\\\"showAuthor\\\":true,\\\"showDate\\\":true},\\\"layoutId\\\":\\\"NewsHub\\\",\\\"newsDataSourceProp\\\":1,\\\"carouselHeroWrapperComponentId\\\":\\\"\\\",\\\"prefetchCount\\\":12,\\\"filters\\\":[{\\\"filterType\\\":1,\\\"value\\\":\\\"\\\",\\\"values\\\":[]}],\\\"dataProviderId\\\":\\\"news\\\",\\\"newsSiteList\\\":[],\\\"renderItemsSliderValue\\\":4,\\\"layoutComponentId\\\":\\\"\\\",\\\"webId\\\":\\\"04a48dbb-47a7-4dfc-94ba-826a17ea283d\\\",\\\"siteId\\\":\\\"e58274d4-4fa7-4f81-a1cc-effd37917d25\\\",\\\"filterKQLQuery\\\":\\\"\\\",\\\"pinnedItems\\\":[null,null,null,null,null,null,null,null,null,null,null,null,null,null,null],\\\"serializedFilterQuery\\\":\\\"<Where><Eq><FieldRef Name=\\\\\\\"FSObjType\\\\\\\" /><Value Type=\\\\\\\"Integer\\\\\\\">0</Value></Eq></Where>\\\",\\\"templateId\\\":\\\"NewsHub\\\",\\\"propsLastEdited\\\":\\\"2021-10-23T13:58:54.672Z\\\",\\\"compactMode\\\":false}}},{\\\"controlType\\\":4,\\\"id\\\":\\\"5030db64-b892-4977-b142-37037ffa541f\\\",\\\"position\\\":{\\\"controlIndex\\\":3,\\\"sectionIndex\\\":1,\\\"sectionFactor\\\":12,\\\"zoneIndex\\\":1,\\\"layoutIndex\\\":1},\\\"emphasis\\\":{},\\\"zoneGroupMetadata\\\":{\\\"type\\\":0},\\\"addedFromPersistedData\\\":true,\\\"innerHTML\\\":\\\"<p>Lorem ipsum dolor sit amet, consetetur sadipscing elitr, sed diam nonumy eirmod tempor invidunt ut labore et dolore magna aliquyam erat, sed diam voluptua. At vero eos et accusam et justo duo dolores et ea rebum. Stet clita kasd gubergren, no sea takimata sanctus est Lorem ipsum dolor sit amet. Lorem ipsum dolor sit amet, consetetur sadipscing elitr, sed diam nonumy eirmod tempor invidunt ut labore et dolore magna aliquyam erat, sed diam voluptua. At vero eos et accusam et justo duo dolores et ea rebum. Stet clita kasd gubergren, no sea takimata sanctus est Lorem ipsum dolor sit amet.</p>\\\"},{\\\"position\\\":{\\\"zoneIndex\\\":2,\\\"sectionIndex\\\":1,\\\"controlIndex\\\":1,\\\"layoutIndex\\\":1},\\\"controlType\\\":3,\\\"id\\\":\\\"0cfa203f-c160-4a3c-8c42-bf7edfa114fe\\\",\\\"webPartId\\\":\\\"daf0b71c-6de8-4ef7-b511-faae7c388708\\\",\\\"emphasis\\\":{},\\\"zoneGroupMetadata\\\":{\\\"type\\\":0},\\\"reservedHeight\\\":353,\\\"reservedWidth\\\":1116,\\\"addedFromPersistedData\\\":true,\\\"webPartData\\\":{\\\"id\\\":\\\"daf0b71c-6de8-4ef7-b511-faae7c388708\\\",\\\"instanceId\\\":\\\"0cfa203f-c160-4a3c-8c42-bf7edfa114fe\\\",\\\"title\\\":\\\"Highlighted content\\\",\\\"description\\\":\\\"Dynamically roll up documents, pages, or other content based on search and filtering options.\\\",\\\"audiences\\\":[],\\\"serverProcessedContent\\\":{\\\"htmlStrings\\\":{},\\\"searchablePlainTexts\\\":{},\\\"imageSources\\\":{},\\\"links\\\":{\\\"baseUrl\\\":\\\"/sites/DRONETES\\\"},\\\"componentDependencies\\\":{\\\"layoutComponentId\\\":\\\"62680648-d047-46ec-81e0-475ee78e482d\\\"}},\\\"dataVersion\\\":\\\"2.5\\\",\\\"properties\\\":{\\\"displayMaps\\\":{\\\"1\\\":{\\\"headingText\\\":{\\\"sources\\\":[\\\"SiteTitle\\\"]},\\\"headingUrl\\\":{\\\"sources\\\":[\\\"SPWebUrl\\\"]},\\\"title\\\":{\\\"sources\\\":[\\\"UserName\\\",\\\"Title\\\"]},\\\"personImageUrl\\\":{\\\"sources\\\":[\\\"ProfileImageSrc\\\"]},\\\"name\\\":{\\\"sources\\\":[\\\"Name\\\"]},\\\"initials\\\":{\\\"sources\\\":[\\\"Initials\\\"]},\\\"itemUrl\\\":{\\\"sources\\\":[\\\"WebPath\\\"]},\\\"activity\\\":{\\\"sources\\\":[\\\"ModifiedDate\\\"]},\\\"previewUrl\\\":{\\\"sources\\\":[\\\"PreviewUrl\\\",\\\"PictureThumbnailURL\\\"]},\\\"iconUrl\\\":{\\\"sources\\\":[\\\"IconUrl\\\"]},\\\"accentColor\\\":{\\\"sources\\\":[\\\"AccentColor\\\"]},\\\"cardType\\\":{\\\"sources\\\":[\\\"CardType\\\"]},\\\"tipActionLabel\\\":{\\\"sources\\\":[\\\"TipActionLabel\\\"]},\\\"tipActionButtonIcon\\\":{\\\"sources\\\":[\\\"TipActionButtonIcon\\\"]},\\\"className\\\":{\\\"sources\\\":[\\\"ClassName\\\"]},\\\"telemetryProperties\\\":{\\\"sources\\\":[\\\"TelemetryProperties\\\"]},\\\"imageOverlapText\\\":{\\\"sources\\\":[\\\"ImageOverlapText\\\"]},\\\"imageOverlapTextAriaLabel\\\":{\\\"sources\\\":[\\\"ImageOverlapTextAriaLabel\\\"]}},\\\"2\\\":{\\\"column1\\\":{\\\"heading\\\":\\\"\\\",\\\"sources\\\":[\\\"FileType\\\"],\\\"width\\\":34},\\\"column2\\\":{\\\"heading\\\":\\\"Title\\\",\\\"sources\\\":[\\\"Title\\\"],\\\"linkUrls\\\":[\\\"WebPath\\\"],\\\"width\\\":250},\\\"column3\\\":{\\\"heading\\\":\\\"Modified\\\",\\\"sources\\\":[\\\"ModifiedDate\\\"],\\\"width\\\":100},\\\"column4\\\":{\\\"heading\\\":\\\"Modified By\\\",\\\"sources\\\":[\\\"Name\\\"],\\\"width\\\":150}},\\\"3\\\":{\\\"id\\\":{\\\"sources\\\":[\\\"UniqueID\\\"]},\\\"edit\\\":{\\\"sources\\\":[\\\"edit\\\"]},\\\"DefaultEncodingURL\\\":{\\\"sources\\\":[\\\"DefaultEncodingURL\\\"]},\\\"FileExtension\\\":{\\\"sources\\\":[\\\"FileExtension\\\"]},\\\"FileType\\\":{\\\"sources\\\":[\\\"FileType\\\"]},\\\"Path\\\":{\\\"sources\\\":[\\\"Path\\\"]},\\\"PictureThumbnailURL\\\":{\\\"sources\\\":[\\\"PictureThumbnailURL\\\"]},\\\"PreviewUrl\\\":{\\\"sources\\\":[\\\"PreviewUrl\\\"]},\\\"SiteID\\\":{\\\"sources\\\":[\\\"SiteID\\\"]},\\\"SiteTitle\\\":{\\\"sources\\\":[\\\"SiteTitle\\\"]},\\\"Title\\\":{\\\"sources\\\":[\\\"Title\\\"]},\\\"UniqueID\\\":{\\\"sources\\\":[\\\"UniqueID\\\"]},\\\"WebId\\\":{\\\"sources\\\":[\\\"WebId\\\"]},\\\"WebPath\\\":{\\\"sources\\\":[\\\"WebPath\\\"]}},\\\"4\\\":{\\\"headingText\\\":{\\\"sources\\\":[\\\"SiteTitle\\\"]},\\\"headingUrl\\\":{\\\"sources\\\":[\\\"SPWebUrl\\\"]},\\\"title\\\":{\\\"sources\\\":[\\\"UserName\\\",\\\"Title\\\"]},\\\"personImageUrl\\\":{\\\"sources\\\":[\\\"ProfileImageSrc\\\"]},\\\"name\\\":{\\\"sources\\\":[\\\"Name\\\"]},\\\"initials\\\":{\\\"sources\\\":[\\\"Initials\\\"]},\\\"itemUrl\\\":{\\\"sources\\\":[\\\"WebPath\\\"]},\\\"activity\\\":{\\\"sources\\\":[\\\"ModifiedDate\\\"]},\\\"previewUrl\\\":{\\\"sources\\\":[\\\"PreviewUrl\\\",\\\"PictureThumbnailURL\\\"]},\\\"iconUrl\\\":{\\\"sources\\\":[\\\"IconUrl\\\"]},\\\"accentColor\\\":{\\\"sources\\\":[\\\"AccentColor\\\"]},\\\"cardType\\\":{\\\"sources\\\":[\\\"CardType\\\"]},\\\"tipActionLabel\\\":{\\\"sources\\\":[\\\"TipActionLabel\\\"]},\\\"tipActionButtonIcon\\\":{\\\"sources\\\":[\\\"TipActionButtonIcon\\\"]},\\\"className\\\":{\\\"sources\\\":[\\\"ClassName\\\"]},\\\"telemetryProperties\\\":{\\\"sources\\\":[\\\"TelemetryProperties\\\"]},\\\"imageOverlapText\\\":{\\\"sources\\\":[\\\"ImageOverlapText\\\"]},\\\"imageOverlapTextAriaLabel\\\":{\\\"sources\\\":[\\\"ImageOverlapTextAriaLabel\\\"]}}},\\\"isTitleEnabled\\\":true,\\\"query\\\":{\\\"contentLocation\\\":1,\\\"contentTypes\\\":[1],\\\"sortType\\\":1,\\\"filters\\\":[{\\\"filterType\\\":1,\\\"value\\\":\\\"\\\"}],\\\"documentTypes\\\":[99]},\\\"templateId\\\":1,\\\"maxItemsPerPage\\\":8,\\\"hideWebPartWhenEmpty\\\":false,\\\"sites\\\":[],\\\"queryMode\\\":\\\"Basic\\\",\\\"layoutId\\\":\\\"Card\\\",\\\"dataProviderId\\\":\\\"Search\\\",\\\"webId\\\":\\\"04a48dbb-47a7-4dfc-94ba-826a17ea283d\\\",\\\"siteId\\\":\\\"e58274d4-4fa7-4f81-a1cc-effd37917d25\\\"}}},{\\\"position\\\":{\\\"controlIndex\\\":1,\\\"sectionIndex\\\":1,\\\"sectionFactor\\\":12,\\\"zoneIndex\\\":1,\\\"layoutIndex\\\":2},\\\"controlType\\\":3,\\\"id\\\":\\\"52f3e27a-956f-441f-9b8a-33c5ec8b9a41\\\",\\\"webPartId\\\":\\\"c70391ea-0b10-4ee9-b2b4-006d3fcad0cd\\\",\\\"emphasis\\\":{},\\\"zoneGroupMetadata\\\":{\\\"type\\\":0},\\\"reservedHeight\\\":660,\\\"reservedWidth\\\":362,\\\"addedFromPersistedData\\\":true,\\\"webPartData\\\":{\\\"id\\\":\\\"c70391ea-0b10-4ee9-b2b4-006d3fcad0cd\\\",\\\"instanceId\\\":\\\"52f3e27a-956f-441f-9b8a-33c5ec8b9a41\\\",\\\"title\\\":\\\"Quick links\\\",\\\"description\\\":\\\"Show a collection of links in a variety of layouts with options for icons, images, and audience targeting.\\\",\\\"audiences\\\":[],\\\"serverProcessedContent\\\":{\\\"htmlStrings\\\":{},\\\"searchablePlainTexts\\\":{\\\"items[0].title\\\":\\\"Corporate News\\\",\\\"items[1].title\\\":\\\"About Us\\\"},\\\"imageSources\\\":{},\\\"links\\\":{\\\"baseUrl\\\":\\\"/sites/DRONETES\\\",\\\"items[0].sourceItem.url\\\":\\\"https://cdn.hubblecontent.osi.office.net/m365content/publish/27dbea74-71b3-44c2-b1dc-ff597bdcd75e/686732223.jpg\\\",\\\"items[1].sourceItem.url\\\":\\\"https://cdn.hubblecontent.osi.office.net/m365content/publish/5c241669-b1b9-4279-933f-ede1c8b68ba1/989245132.jpg\\\"},\\\"componentDependencies\\\":{\\\"layoutComponentId\\\":\\\"706e33c8-af37-4e7b-9d22-6e5694d92a6f\\\"}},\\\"dataVersion\\\":\\\"2.2\\\",\\\"properties\\\":{\\\"items\\\":[{\\\"sourceItem\\\":{\\\"itemType\\\":2,\\\"fileExtension\\\":\\\"\\\",\\\"progId\\\":\\\"\\\"},\\\"thumbnailType\\\":3,\\\"id\\\":1,\\\"description\\\":\\\"\\\",\\\"altText\\\":\\\"\\\",\\\"rawPreviewImageMinCanvasWidth\\\":1},{\\\"sourceItem\\\":{\\\"itemType\\\":2,\\\"fileExtension\\\":\\\"\\\",\\\"progId\\\":\\\"\\\"},\\\"thumbnailType\\\":3,\\\"id\\\":2,\\\"description\\\":\\\"\\\",\\\"altText\\\":\\\"\\\",\\\"rawPreviewImageMinCanvasWidth\\\":1}],\\\"isMigrated\\\":true,\\\"layoutId\\\":\\\"Grid\\\",\\\"shouldShowThumbnail\\\":true,\\\"imageWidth\\\":400,\\\"buttonLayoutOptions\\\":{\\\"showDescription\\\":false,\\\"buttonTreatment\\\":2,\\\"iconPositionType\\\":2,\\\"textAlignmentVertical\\\":2,\\\"textAlignmentHorizontal\\\":2,\\\"linesOfText\\\":2},\\\"listLayoutOptions\\\":{\\\"showDescription\\\":false,\\\"showIcon\\\":true},\\\"waffleLayoutOptions\\\":{\\\"iconSize\\\":1,\\\"onlyShowThumbnail\\\":false},\\\"hideWebPartWhenEmpty\\\":true,\\\"dataProviderId\\\":\\\"QuickLinks\\\",\\\"webId\\\":\\\"04a48dbb-47a7-4dfc-94ba-826a17ea283d\\\",\\\"siteId\\\":\\\"e58274d4-4fa7-4f81-a1cc-effd37917d25\\\"}}},{\\\"controlType\\\":0,\\\"pageSettingsSlice\\\":{\\\"isDefaultDescription\\\":true,\\\"isDefaultThumbnail\\\":true}}]\",\n    \"FileName\": \"Welcome.aspx\",\n    \"Title\": \"Welcome\",\n    \"IsWebWelcomePage\": true,\n}"},"authentication":"@parameters('$authentication')"}},"Publish_Home_Page":{"runAfter":{"Update_Home_Page":["Succeeded"]},"type":"OpenApiConnection","inputs":{"host":{"apiId":"/providers/Microsoft.PowerApps/apis/shared_sharepointonline","connectionName":"shared_sharepointonline","operationId":"HttpRequest"},"parameters":{"dataset":"@triggerBody()?['webUrl']","parameters/method":"POST","parameters/uri":"_api/sitepages/pages/GetById(@{body('Parse_JSON_Home')?['Id']})/publish","parameters/headers":{"Accept":"application/json;odata=verbose","Content-Type":"application/json"}},"authentication":"@parameters('$authentication')"}},"Create_Home_Page":{"runAfter":{"Publish_Our_Mission_Page":["Succeeded"]},"type":"OpenApiConnection","inputs":{"host":{"apiId":"/providers/Microsoft.PowerApps/apis/shared_sharepointonline","connectionName":"shared_sharepointonline","operationId":"HttpRequest"},"parameters":{"dataset":"@triggerBody()?['webUrl']","parameters/method":"POST","parameters/uri":"/_api/sitepages/pages","parameters/headers":{"Accept":"application/json","Content-Type":"application/json;odata=verbose;charset=utf-8","if-match":"*"},"parameters/body":"{\n    \"__metadata\": {\n        \"type\": \"SP.Publishing.SitePage\"\n    },\n    \"PageLayoutType\":\"Home\"\n}"},"authentication":"@parameters('$authentication')"}},"Set_Welcome_Page":{"runAfter":{"Publish_Home_Page":["Succeeded"]},"type":"OpenApiConnection","inputs":{"host":{"apiId":"/providers/Microsoft.PowerApps/apis/shared_sharepointonline","connectionName":"shared_sharepointonline","operationId":"HttpRequest"},"parameters":{"dataset":"@triggerBody()?['webUrl']","parameters/method":"POST","parameters/uri":"_api/web/RootFolder","parameters/headers":{"content-type":"application/json;odata=verbose","accept":"application/json;odata=verbose","IF-MATCH":"*","x-http-method":"MERGE"},"parameters/body":"{\"__metadata\":{\"type\":\"SP.Folder\"},\"WelcomePage\":\"SitePages/Welcome.aspx\"}"},"authentication":"@parameters('$authentication')"}}},"runAfter":{},"type":"Scope"}},"outputs":{}},"connectionReferences":{"shared_sharepointonline":{"connectionName":"0da4d147e06a5513c3259f777c33a286","source":"Embedded","id":"/providers/Microsoft.PowerApps/apis/shared_sharepointonline","tier":"NotSpecified"}},"flowFailureAlertSubscribed":false}}